Load1,Load2,Load3,Communalities,Psi,Variables
0.11347781186738087,-0.2670923065558023,0.05582173678838182,0.08733158030557873,0.9126684196944213,Bread
-0.3770431385591564,-0.194229176964671,-0.014664510927206597,0.18010154939964684,0.8198984506003532,Vegetables
-0.5093127751155456,-0.051153862229859355,-0.04592613085264717,0.26412543001202426,0.7358745699879757,Fruits
-0.4902355329268296,-0.06843310076060072,-0.012667909686338503,0.24517444295958438,0.7548255570404157,Meat
-0.4925814015899032,-0.017177777161686517,0.0077975511931549215,0.24299231502509994,0.7570076849749001,Poultry
0.008033576313829598,-0.3282638351613945,-0.030229775606848516,0.10873552315649772,0.8912644768435023,Milk
0.49005193629800997,0.09056753053912794,0.08352995880270925,0.25533063187496696,0.744669368125033,Wine
